 <LiveData>
<GatewayTime>
 <Hour>10</Hour>
 <Minute>23</Minute>
 <Month>12</Month>
 <Day>4</Day>
 <Year>9</Year>
 <maxsecond>1</maxsecond>
 <accusecond>0</accusecond>
 </GatewayTime>
<Voltage>
<Total>
 <VoltageNow>1228</VoltageNow>
 <LowVoltageHour>33995</LowVoltageHour>
 <LowVoltageToday>1209</LowVoltageToday>
 <LowVoltageTodayTimeHour>4</LowVoltageTodayTimeHour>
 <LowVoltageTodayTimeMin>28</LowVoltageTodayTimeMin>
 <HighVoltageHour>1238</HighVoltageHour>
 <HighVoltageToday>1239</HighVoltageToday>
 <HighVoltageTodayTimeHour>9</HighVoltageTodayTimeHour>
 <HighVoltageTodayTimeMin>59</HighVoltageTodayTimeMin>
 <LowVoltageMTD>1205</LowVoltageMTD>
 <LowVoltageMTDDateMonth>12</LowVoltageMTDDateMonth>
 <LowVoltageMTDDateDay>1</LowVoltageMTDDateDay>
 <HighVoltageMTD>1244</HighVoltageMTD>
 <HighVoltageMTDDateMonth>12</HighVoltageMTDDateMonth>
 <HighVoltageMTDDateDay>1</HighVoltageMTDDateDay>
 </Total>
<MTU1>
 <VoltageNow>1228</VoltageNow>
 <LowVoltageHour>1227</LowVoltageHour>
 <LowVoltageToday>1209</LowVoltageToday>
 <LowVoltageTodayTimeHour>4</LowVoltageTodayTimeHour>
 <LowVoltageTodayTimeMin>28</LowVoltageTodayTimeMin>
 <HighVoltageHour>1237</HighVoltageHour>
 <HighVoltageToday>1240</HighVoltageToday>
 <HighVoltageTodayTimeHour>9</HighVoltageTodayTimeHour>
 <HighVoltageTodayTimeMin>59</HighVoltageTodayTimeMin>
 <LowVoltageMTD>1205</LowVoltageMTD>
 <LowVoltageMTDDateMonth>12</LowVoltageMTDDateMonth>
 <LowVoltageMTDDateDay>1</LowVoltageMTDDateDay>
 <HighVoltageMTD>1245</HighVoltageMTD>
 <HighVoltageMTDDateMonth>12</HighVoltageMTDDateMonth>
 <HighVoltageMTDDateDay>1</HighVoltageMTDDateDay>
 </MTU1>
<MTU2>
 <VoltageNow>1228</VoltageNow>
 <LowVoltageHour>1226</LowVoltageHour>
 <LowVoltageToday>1208</LowVoltageToday>
 <LowVoltageTodayTimeHour>4</LowVoltageTodayTimeHour>
 <LowVoltageTodayTimeMin>28</LowVoltageTodayTimeMin>
 <HighVoltageHour>1237</HighVoltageHour>
 <HighVoltageToday>1239</HighVoltageToday>
 <HighVoltageTodayTimeHour>9</HighVoltageTodayTimeHour>
 <HighVoltageTodayTimeMin>59</HighVoltageTodayTimeMin>
 <LowVoltageMTD>1204</LowVoltageMTD>
 <LowVoltageMTDDateMonth>12</LowVoltageMTDDateMonth>
 <LowVoltageMTDDateDay>3</LowVoltageMTDDateDay>
 <HighVoltageMTD>1244</HighVoltageMTD>
 <HighVoltageMTDDateMonth>12</HighVoltageMTDDateMonth>
 <HighVoltageMTDDateDay>1</HighVoltageMTDDateDay>
 </MTU2>
<MTU3>
 <VoltageNow>1228</VoltageNow>
 <LowVoltageHour>1226</LowVoltageHour>
 <LowVoltageToday>1208</LowVoltageToday>
 <LowVoltageTodayTimeHour>4</LowVoltageTodayTimeHour>
 <LowVoltageTodayTimeMin>28</LowVoltageTodayTimeMin>
 <HighVoltageHour>1238</HighVoltageHour>
 <HighVoltageToday>1239</HighVoltageToday>
 <HighVoltageTodayTimeHour>9</HighVoltageTodayTimeHour>
 <HighVoltageTodayTimeMin>59</HighVoltageTodayTimeMin>
 <LowVoltageMTD>1204</LowVoltageMTD>
 <LowVoltageMTDDateMonth>12</LowVoltageMTDDateMonth>
 <LowVoltageMTDDateDay>1</LowVoltageMTDDateDay>
 <HighVoltageMTD>1244</HighVoltageMTD>
 <HighVoltageMTDDateMonth>12</HighVoltageMTDDateMonth>
 <HighVoltageMTDDateDay>1</HighVoltageMTDDateDay>
 </MTU3>
<MTU4>
 <VoltageNow>0</VoltageNow>
 <LowVoltageHour>0</LowVoltageHour>
 <LowVoltageToday>0</LowVoltageToday>
 <LowVoltageTodayTimeHour>0</LowVoltageTodayTimeHour>
 <LowVoltageTodayTimeMin>0</LowVoltageTodayTimeMin>
 <HighVoltageHour>0</HighVoltageHour>
 <HighVoltageToday>0</HighVoltageToday>
 <HighVoltageTodayTimeHour>0</HighVoltageTodayTimeHour>
 <HighVoltageTodayTimeMin>0</HighVoltageTodayTimeMin>
 <LowVoltageMTD>0</LowVoltageMTD>
 <LowVoltageMTDDateMonth>0</LowVoltageMTDDateMonth>
 <LowVoltageMTDDateDay>0</LowVoltageMTDDateDay>
 <HighVoltageMTD>0</HighVoltageMTD>
 <HighVoltageMTDDateMonth>0</HighVoltageMTDDateMonth>
 <HighVoltageMTDDateDay>0</HighVoltageMTDDateDay>
 </MTU4>
 </Voltage>
<Power>
<Total>
 <PowerNow>-7430</PowerNow>
 <PowerHour>-5782</PowerHour>
 <PowerTDY>-3332</PowerTDY>
 <PowerMTD>-47531</PowerMTD>
 <PowerProj>-443097</PowerProj>
 <KVA>7508</KVA>
 <PeakTdy>3893</PeakTdy>
 <PeakMTD>8741</PeakMTD>
 <PeakTdyHour>7</PeakTdyHour>
 <PeakTdyMin>8</PeakTdyMin>
 <PeakMTDMonth>12</PeakMTDMonth>
 <PeakMTDDay>1</PeakMTDDay>
 <MinTdy>-4004</MinTdy>
 <MinMTD>-7558</MinMTD>
 <MinTdyHour>10</MinTdyHour>
 <MinTdyMin>23</MinTdyMin>
 <MinMTDMonth>12</MinMTDMonth>
 <MinMTDDay>1</MinMTDDay>
 </Total>
<MTU1>
 <PowerNow>710</PowerNow>
 <PowerHour>-5782</PowerHour>
 <PowerTDY>8532</PowerTDY>
 <PowerMTD>85808</PowerMTD>
 <PowerProj>-443097</PowerProj>
 <KVA>-703</KVA>
 <PeakTdy>3893</PeakTdy>
 <PeakMTD>8741</PeakMTD>
 <PeakTdyHour>7</PeakTdyHour>
 <PeakTdyMin>8</PeakTdyMin>
 <PeakMTDMonth>12</PeakMTDMonth>
 <PeakMTDDay>1</PeakMTDDay>
 <MinTdy>-7433</MinTdy>
 <MinMTD>-7558</MinMTD>
 <MinTdyHour>10</MinTdyHour>
 <MinTdyMin>23</MinTdyMin>
 <MinMTDMonth>12</MinMTDMonth>
 <MinMTDDay>1</MinMTDDay>
 </MTU1>
<MTU2>
 <PowerNow>-4008</PowerNow>
 <PowerHour>-3490</PowerHour>
 <PowerTDY>-5818</PowerTDY>
 <PowerMTD>-65600</PowerMTD>
 <PowerProj>-611541</PowerProj>
 <KVA>4046</KVA>
 <PeakTdy>0</PeakTdy>
 <PeakMTD>0</PeakMTD>
 <MinTdy>-4004</MinTdy>
 <MinMTD>-4061</MinMTD>
 <MinTdyHour>10</MinTdyHour>
 <MinTdyMin>23</MinTdyMin>
 <MinMTDMonth>12</MinMTDMonth>
 <MinMTDDay>1</MinMTDDay>
 </MTU2>
<MTU3>
 <PowerNow>-4132</PowerNow>
 <PowerHour>-3600</PowerHour>
 <PowerTDY>-6046</PowerTDY>
 <PowerMTD>-67739</PowerMTD>
 <PowerProj>-631481</PowerProj>
 <KVA>4165</KVA>
 <PeakTdy>0</PeakTdy>
 <PeakMTD>0</PeakMTD>
 <PeakTdyHour>6</PeakTdyHour>
 <PeakTdyMin>52</PeakTdyMin>
 <PeakMTDMonth>12</PeakMTDMonth>
 <PeakMTDDay>1</PeakMTDDay>
 <MinTdy>-4140</MinTdy>
 <MinMTD>-4234</MinMTD>
 <MinTdyHour>10</MinTdyHour>
 <MinTdyMin>23</MinTdyMin>
 <MinMTDMonth>12</MinMTDMonth>
 <MinMTDDay>1</MinMTDDay>
 </MTU3>
<MTU4>
 <PowerNow>0</PowerNow>
 <PowerHour>-1</PowerHour>
 <PowerTDY>0</PowerTDY>
 <PowerMTD>0</PowerMTD>
 <PowerProj>0</PowerProj>
 <KVA>0</KVA>
 <PeakTdy>0</PeakTdy>
 <PeakMTD>0</PeakMTD>
 <PeakTdyHour>0</PeakTdyHour>
 <PeakTdyMin>0</PeakTdyMin>
 <PeakMTDMonth>0</PeakMTDMonth>
 <PeakMTDDay>0</PeakMTDDay>
 <MinTdy>0</MinTdy>
 <MinMTD>0</MinMTD>
 <MinTdyHour>0</MinTdyHour>
 <MinTdyMin>0</MinTdyMin>
 <MinMTDMonth>0</MinMTDMonth>
 <MinMTDDay>0</MinMTDDay>
 </MTU4>
 </Power>
<Cost>
<Total>
 <CostNow>-65</CostNow>
 <CostHour>-50</CostHour>
 <CostTDY>-28</CostTDY>
 <CostMTD>-414</CostMTD>
 <CostProj>-3859</CostProj>
 <PeakTdy>35</PeakTdy>
 <PeakMTD>78</PeakMTD>
 <PeakTdyHour>9</PeakTdyHour>
 <PeakTdyMin>59</PeakTdyMin>
 <PeakMTDMonth>12</PeakMTDMonth>
 <PeakMTDDay>1</PeakMTDDay>
 <MinTdy>-35</MinTdy>
 <MinMTD>-65</MinMTD>
 <MinTdyHour>10</MinTdyHour>
 <MinTdyMin>23</MinTdyMin>
 <MinMTDMonth>12</MinMTDMonth>
 <MinMTDDay>1</MinMTDDay>
 </Total>
<MTU1>
 <CostNow>6</CostNow>
 <CostHour>-50</CostHour>
 <CostTDY>77</CostTDY>
 <CostMTD>766</CostMTD>
 <CostProj>-3859</CostProj>
 <PeakTdy>35</PeakTdy>
 <PeakMTD>78</PeakMTD>
 <PeakTdyHour>9</PeakTdyHour>
 <PeakTdyMin>59</PeakTdyMin>
 <PeakMTDMonth>12</PeakMTDMonth>
 <PeakMTDDay>1</PeakMTDDay>
 <MinTdy>-65</MinTdy>
 <MinMTD>-65</MinMTD>
 <MinTdyHour>10</MinTdyHour>
 <MinTdyMin>23</MinTdyMin>
 <MinMTDMonth>12</MinMTDMonth>
 <MinMTDDay>1</MinMTDDay>
 </MTU1>
<MTU2>
 <CostNow>-35</CostNow>
 <CostHour>-30</CostHour>
 <CostTDY>-52</CostTDY>
 <CostMTD>-581</CostMTD>
 <CostProj>-5416</CostProj>
 <PeakTdy>0</PeakTdy>
 <PeakMTD>0</PeakMTD>
 <PeakTdyHour>9</PeakTdyHour>
 <PeakTdyMin>59</PeakTdyMin>
 <PeakMTDMonth>12</PeakMTDMonth>
 <PeakMTDDay>1</PeakMTDDay>
 <MinTdy>-35</MinTdy>
 <MinMTD>-35</MinMTD>
 <MinTdyHour>10</MinTdyHour>
 <MinTdyMin>23</MinTdyMin>
 <MinMTDMonth>12</MinMTDMonth>
 <MinMTDDay>1</MinMTDDay>
 </MTU2>
<MTU3>
 <CostNow>-36</CostNow>
 <CostHour>-31</CostHour>
 <CostTDY>-53</CostTDY>
 <CostMTD>-599</CostMTD>
 <CostProj>-5584</CostProj>
 <PeakTdy>0</PeakTdy>
 <PeakMTD>0</PeakMTD>
 <PeakTdyHour>9</PeakTdyHour>
 <PeakTdyMin>59</PeakTdyMin>
 <PeakMTDMonth>12</PeakMTDMonth>
 <PeakMTDDay>1</PeakMTDDay>
 <MinTdy>-36</MinTdy>
 <MinMTD>-36</MinMTD>
 <MinTdyHour>10</MinTdyHour>
 <MinTdyMin>22</MinTdyMin>
 <MinMTDMonth>12</MinMTDMonth>
 <MinMTDDay>1</MinMTDDay>
 </MTU3>
<MTU4>
 <CostNow>0</CostNow>
 <CostHour>-1</CostHour>
 <CostTDY>0</CostTDY>
 <CostMTD>0</CostMTD>
 <CostProj>0</CostProj>
 <PeakTdy>0</PeakTdy>
 <PeakMTD>0</PeakMTD>
 <PeakTdyHour>0</PeakTdyHour>
 <PeakTdyMin>0</PeakTdyMin>
 <PeakMTDMonth>0</PeakMTDMonth>
 <PeakMTDDay>0</PeakMTDDay>
 <MinTdy>0</MinTdy>
 <MinMTD>0</MinMTD>
 <MinTdyHour>0</MinTdyHour>
 <MinTdyMin>0</MinTdyMin>
 <MinMTDMonth>0</MinMTDMonth>
 <MinMTDDay>0</MinMTDDay>
 </MTU4>
 </Cost>
<System>
 <NumberMTU>3</NumberMTU>
 </System>
 <subwat />
 <subcost />
<Utility>
 <CarbonRate>155</CarbonRate>
 <CurrentRate>8848</CurrentRate>
 <MeterReadDate>1</MeterReadDate>
 <DaysLeftInBillingCycle>28</DaysLeftInBillingCycle>
 <PlanType>3</PlanType>
 <CurrentTier>0</CurrentTier>
 <CurrentTOU>2</CurrentTOU>
 <CurrentTOUDescription>Off-Peak</CurrentTOUDescription>
 </Utility>
 </LiveData>
